n,age_mean,age_sd,age_min,age_max,duration_mean,duration_sd,duration_min,duration_max
155,32.58064516129032,8.938368316001117,19,72,1430.5096774193548,3505.771712972362,322,36782
