Model,SD,Hypothesis,Estimate,Est.Error,CI.Lower,CI.Upper,Evid.Ratio,Post.Prob,Star
anxiety_lockdown_diff,0.5,(total_hours_played_during) = 0,-0.0236195016764625,0.024044269730184746,-0.07069940000000001,0.024570169999999985,12.213269176521278,0.9243185023599682,
depression_lockdown_diff,0.5,(total_hours_played_during) = 0,0.06345706693411375,0.03865566903352612,-0.0110266025,0.14018089999999997,3.3925153022699712,0.7723400076755069,
loneliness_lockdown_diff,0.5,(total_hours_played_during) = 0,0.0056038148305475,0.008577473782934534,-0.0111245,0.022808627499999998,48.72090458537831,0.979887735182234,
stress_lockdown_diff,0.5,(total_hours_played_during) = 0,0.0452510713982365,0.028873907327169542,-0.0126534975,0.1020128,5.2175521790086465,0.8391650007576704,
