Model,SD,Hypothesis,Estimate,Est.Error,CI.Lower,CI.Upper,Evid.Ratio,Post.Prob,Star
anxiety_moderation,1,(hours_diff) = 0,-0.024368613209675,0.07282649760898632,-0.171346125,0.11453959999999999,13.500508387156582,0.9310369006864806,
anxiety_moderation,1,(loneliness_during) = 0,0.31155479328375,0.09700111882501392,0.1256205,0.5030011249999999,0.03402927381336204,0.032909391131516634,*
anxiety_moderation,1,(hours_diff:loneliness_during) = 0,0.00237583052504375,0.00848894585810086,-0.013771740000000001,0.019719519999999987,115.09443761375934,0.9913863228888972,
depression_moderation,1,(hours_diff) = 0,0.0140432056601125,0.06475240906041711,-0.11675129999999999,0.13897504999999993,15.754982651136359,0.9403162616863601,
depression_moderation,1,(loneliness_during) = 0,0.4063808487875,0.10199225487157468,0.2073423,0.6120822499999999,4.358985255574426e-4,4.3570860082077213e-4,*
depression_moderation,1,(hours_diff:loneliness_during) = 0,-0.003440586684658875,0.0076196629691389775,-0.0183956525,0.0117699625,122.32865032144534,0.9918915840123638,
stress_moderation,1,(hours_diff) = 0,-0.003856569414325,0.07600420151187141,-0.15741795,0.13802594999999995,13.354741717063115,0.9303366079508539,
stress_moderation,1,(loneliness_during) = 0,0.2839365747875,0.09307165648505664,0.1041051,0.46879212499999995,0.10148413865717515,0.09213399911586105,*
stress_moderation,1,(hours_diff:loneliness_during) = 0,-3.738338065578375e-4,0.00857201898368259,-0.0169528,0.016683332499999988,117.57824565711836,0.991566749917252,
