effect,Estimate,Est.Error,l-95% CI,u-95% CI,Rhat,Bulk_ESS,Tail_ESS
fixed,-0.64819837405,0.15764634014564025,-0.9540169249999999,-0.329502575,1.0004322562452717,3984,2865
fixed,-0.003274987862145,0.00426506118636531,-0.011655545,0.005097328000000001,1.0010081550341592,4924,3031
