effect,Estimate,Est.Error,l-95% CI,u-95% CI,Rhat,Bulk_ESS,Tail_ESS
fixed,-1.222324542725,0.4185552760797954,-2.03897075,-0.4029394749999998,0.9999511020947446,4141,3046
fixed,0.005554035773485,0.02028618956162744,-0.0351419225,0.04583348500000001,1.001409614024469,3329,2794
