effect,Estimate,Est.Error,l-95% CI,u-95% CI,Rhat,Bulk_ESS,Tail_ESS
fixed,-1.2545821645225,0.5879626568614084,-2.395333499999999,-0.12079322499999949,1.0006048739322853,3821,3093
fixed,3.8727420862750005e-4,0.016885752626562663,-0.0326278075,0.03418701500000001,1.0008329717800408,3465,2861
