effect,Estimate,Est.Error,l-95% CI,u-95% CI,Rhat,Bulk_ESS,Tail_ESS
fixed,0.9971276450825,0.4059654697863388,0.18438697500000023,1.7693975000000002,0.9998033100068793,4222,2797
fixed,0.01021749053253,0.02134647942750642,-0.0322955425,0.05212681500000001,0.9999946906370832,4087,2935
