effect,Estimate,Est.Error,l-95% CI,u-95% CI,Rhat,Bulk_ESS,Tail_ESS
fixed,-1.21461841749375,0.5838949712492436,-2.3416325,-0.05283253749999998,1.0012176867189073,3339,2693
fixed,-0.002430420846345,0.015565438160359806,-0.03307712249999999,0.02863037750000001,1.00007253051268,3606,2900
