effect,Estimate,Est.Error,l-95% CI,u-95% CI,Rhat,Bulk_ESS,Tail_ESS
fixed,-1.1516480233665,0.4302391896648536,-2.0127965,-0.3087417999999999,1.0004158632283335,3901,2997
fixed,0.0104216756328,0.022096641080201547,-0.032613042499999995,0.053712247500000004,1.001964663696113,4014,3016
