effect,Estimate,Est.Error,l-95% CI,u-95% CI,Rhat,Bulk_ESS,Tail_ESS
fixed,-1.36142995547125,1.6771588701652658,-4.6237777499999995,1.9733660000000004,1.000888265127967,2756,2483
fixed,-0.11809105798505,0.08586306746126254,-0.28530842500000003,0.054167732500000135,1.0005566069117087,1998,2425
fixed,1.65366196975,0.28069060971124216,1.1064610000000004,2.190728750000001,1.000464683885473,2701,2427
fixed,0.010193864482575,0.014461498742035667,-0.018111947499999993,0.03802071000000001,1.0002622241080157,2006,2514
