effect,Estimate,Est.Error,l-95% CI,u-95% CI,Rhat,Bulk_ESS,Tail_ESS
fixed,3.5193434602,0.932503972264599,1.6275555000000017,5.285354000000001,1.002494553932624,3872,2922
fixed,-0.00477176063153185,0.027423140194218792,-0.05819097749999999,0.051442629999999996,1.0004466738195845,3919,2769
