effect,Estimate,Est.Error,l-95% CI,u-95% CI,Rhat,Bulk_ESS,Tail_ESS
fixed,-3.7965077665,0.9359680905134634,-5.63780625,-1.9619012499999997,1.0020509478335549,4237,3038
fixed,0.00461294341775,0.02477586596117382,-0.04446167749999999,0.05357622500000001,0.9994961850828039,4021,2685
