effect,Estimate,Est.Error,l-95% CI,u-95% CI,Rhat,Bulk_ESS,Tail_ESS
fixed,-6.454236245225,2.280556184993132,-10.906632499999999,-1.9627842499999997,1.0014454384928,2571,2926
fixed,-0.1195924630683,0.11615205228495216,-0.33657729999999986,0.11053485000000007,1.0014354366265963,1848,1969
fixed,3.9411461675,0.38168570419657316,3.20044425,4.698594000000001,1.0021052039033211,2472,2581
fixed,0.0128892108492125,0.0197916007373247,-0.026590274999999997,0.049791867500000024,1.0018277501850321,1784,1962
