effect,Estimate,Est.Error,l-95% CI,u-95% CI,Rhat,Bulk_ESS,Tail_ESS
fixed,-6.040098652575,2.1822562857155,-10.289937499999999,-1.6755362499999997,1.0004982784633605,2581,2766
fixed,-0.04122658429853,0.09579367158899213,-0.22485259999999996,0.147054525,1.0022665243372133,1874,2206
fixed,3.881551415,0.362899873680368,3.1825547500000004,4.59753675,1.0000824102564059,2483,2264
fixed,9.883557434565e-4,0.016388762640683247,-0.031064492499999995,0.03325434750000001,1.0024334339579712,1859,2259
