effect,Estimate,Est.Error,l-95% CI,u-95% CI,Rhat,Bulk_ESS,Tail_ESS
fixed,-3.51080751,0.6859836601266389,-4.8852917499999995,-2.1784647499999994,0.9996795588487479,4227,3190
fixed,0.0153771812688625,0.034670730083849625,-0.05422071749999998,0.08296373750000001,1.0009246613954623,3891,3187
