effect,Estimate,Est.Error,l-95% CI,u-95% CI,Rhat,Bulk_ESS,Tail_ESS
fixed,2.56948742875,0.6243329868775619,1.35411075,3.7775515,1.0030903366652268,3615,2900
fixed,0.0142187767954925,0.03471857575452495,-0.05456251749999999,0.08281414000000001,1.0000049476917785,3593,2857
