effect,Estimate,Est.Error,l-95% CI,u-95% CI,Rhat,Bulk_ESS,Tail_ESS
fixed,-3.800135079,0.9535434957564989,-5.6203615,-1.9201122499999996,1.0010130666439803,4102,2899
fixed,0.005382386129625,0.027811029824025016,-0.049539197499999986,0.05965386,1.0008707403711554,3887,2693
