effect,Estimate,Est.Error,l-95% CI,u-95% CI,Rhat,Bulk_ESS,Tail_ESS
fixed,-3.54371647,0.6835830738951529,-4.922001000000001,-2.213348,1.000771636259002,3914,2451
fixed,0.011042543021945,0.031390450688875755,-0.052327364999999994,0.07482520499999999,0.9996722373599324,4521,3070
