effect,Estimate,Est.Error,l-95% CI,u-95% CI,Rhat,Bulk_ESS,Tail_ESS
fixed,-2.5759202775,0.2911669141048057,-3.16021225,-2.0277775,1.0085242496645839,1087,2150
fixed,-1.18490006325,0.25720202781124474,-1.6982659999999998,-0.6936680999999998,1.0048417808079275,1098,2215
fixed,0.130364271708475,0.25110248764517207,-0.36262004999999997,0.6302980499999999,1.0015783043592148,1144,2072
fixed,1.90530546,0.27797167995661515,1.37840475,2.4757120000000006,1.0007166568793795,1179,2240
fixed,3.27195422,0.3208400208355155,2.6734155000000004,3.9294800000000003,1.0010314684294033,1311,2093
fixed,4.465598015,0.37839690047981756,3.7447065,5.21523525,1.0016071642695301,1375,2613
fixed,0.6184140675,0.10876732512897139,0.40792747500000004,0.82956505,1.0003722747246775,2848,3063
fixed,0.1006623861168925,0.17741167531162874,-0.24600987500000002,0.4523723,1.0015059681498073,1441,2170
fixed,0.064422351187625,0.11487689643852984,-0.15806922499999998,0.285669525,1.0014311219479457,3085,2556
