effect,Estimate,Est.Error,l-95% CI,u-95% CI,Rhat,Bulk_ESS,Tail_ESS
fixed,0.66636162075,0.11739040692603031,0.44176095000000004,0.890606525,0.9997235030143535,4250,2995
fixed,0.0023429544546955,0.005905848991700308,-0.009247305749999999,0.0139385375,1.0005978241781368,4498,2670
