effect,Estimate,Est.Error,l-95% CI,u-95% CI,Rhat,Bulk_ESS,Tail_ESS
fixed,-0.701941199,0.12051877842532334,-0.9377823249999999,-0.466386375,1.0001974066316757,3889,2454
fixed,0.00232360062388,0.006049417141985362,-0.009396160249999997,0.014347067500000003,1.001864731984361,4875,2982
