effect,Estimate,Est.Error,l-95% CI,u-95% CI,Rhat,Bulk_ESS,Tail_ESS
fixed,-2.531805305,0.28482966632412354,-3.1404715,-2.00911325,1.0000364927553538,979,1617
fixed,-1.1324658385,0.24765305666491236,-1.64001925,-0.6667899999999999,1.0003341723542765,1081,1982
fixed,0.1287608413831,0.23731914783754293,-0.3268133249999998,0.5974855,1.000912126547625,1166,1940
fixed,1.89327823,0.261278888233007,1.4137012500000001,2.4315135,1.0002743859721488,1243,2150
fixed,3.2283036375,0.3101312513640987,2.64183775,3.8530907500000002,1.0020930413009044,1301,1922
fixed,4.45937935,0.3774425110533591,3.77132875,5.217444,1.001074279096111,1456,2462
fixed,0.620871603,0.10700421730684616,0.4121982,0.8311305,1.00229712931572,2926,3176
fixed,0.01609775773927225,0.1693471412478271,-0.31072914999999984,0.3568713000000001,1.001151209087166,1404,2372
fixed,0.070901500633865,0.11166172033089018,-0.14573509999999995,0.2921965250000001,1.0004388427036317,3270,3273
