effect,Estimate,Est.Error,l-95% CI,u-95% CI,Rhat,Bulk_ESS,Tail_ESS
fixed,-0.70886546275,0.118538540350781,-0.9413664499999999,-0.47809417499999973,1.0009695061704795,3419,2748
fixed,0.0028392210908575,0.005397839242177497,-0.007667269749999999,0.013248522500000002,0.9997487084101099,5220,2925
