effect,Estimate,Est.Error,l-95% CI,u-95% CI,Rhat,Bulk_ESS,Tail_ESS
fixed,0.63539126405,0.16417832137031124,0.32019900000000007,0.9571022000000001,1.0010188355276481,4040,2714
fixed,0.0030839741988425,0.004698297845804986,-0.00623464,0.012213027500000003,1.000662808726269,5013,3138
