effect,Estimate,Est.Error,l-95% CI,u-95% CI,Rhat,Bulk_ESS,Tail_ESS
fixed,-0.70841397925,0.11726705201544003,-0.9392010749999999,-0.47480027499999994,1.0018018480911246,3852,2695
fixed,0.002890527437943,0.005379181664757813,-0.007530165749999999,0.013140957500000001,1.0027621355179979,4706,3444
