effect,term,Estimate,Est.Error,l-95% CI,u-95% CI,Rhat,Bulk_ESS,Tail_ESS
fixed,Intercept[1],-2.64900114125,0.34805217035984215,-3.38984,-2.0484197500000003,1.002322981432422,1097,977
fixed,Intercept[2],-1.207949750125,0.2797189275113591,-1.78509,-0.6956465000000003,1.0024164300711782,1365,1462
fixed,Intercept[3],0.09615441930464876,0.24925352903539263,-0.3867880499999999,0.5889175249999993,1.0026269589292218,2302,4483
fixed,Intercept[4],1.92956973875,0.29080186401411445,1.3866550000000002,2.5488132499999994,1.0034970539021744,1540,1732
fixed,Intercept[5],3.32854479125,0.377722942286966,2.678968,4.17297,1.0035825718516433,1126,1070
fixed,Intercept[6],4.6203099975,0.48939267178999546,3.8017080000000005,5.74865175,1.0029491239463977,1048,850
fixed,lockdown_period1,0.638608764,0.12073290361204926,0.41175955000000003,0.885509475,1.0010614187919846,2290,1951
fixed,total_hours_played_s,0.0133828151131125,0.17908223542638807,-0.3311632749999999,0.36719284999999974,0.9999664768110155,3287,3784
fixed,lockdown_period1:total_hours_played_s,0.07914433457333125,0.11752840793022239,-0.15331312499999997,0.30725895,1.0001366974168953,7015,5152
