effect,Estimate,Est.Error,l-95% CI,u-95% CI,Rhat,Bulk_ESS,Tail_ESS
fixed,-2.5260411425,0.2856337358393299,-3.1215414999999997,-1.9874752499999997,1.0027948924542485,906,1695
fixed,-1.131986601375,0.25421878843967033,-1.6418267500000001,-0.648773975,1.002520812358013,1039,1722
fixed,0.129459527033925,0.24201165014766368,-0.3493075999999999,0.606433825,1.0015094279047518,1071,2029
fixed,1.8907994825,0.2712062033533553,1.3839192500000002,2.4297447500000002,1.0000212610340886,1170,2151
fixed,3.2223036825,0.3199507192205491,2.6262392500000002,3.8871135000000003,1.0007075019264924,1293,2237
fixed,4.44914228,0.39104154836102484,3.720578,5.2567185,1.000332653814142,1434,2066
fixed,0.62137340925,0.10748855638310338,0.412029175,0.832716225,1.0004204018399225,2854,2793
fixed,0.0133802361240675,0.16964953176133366,-0.31477564999999996,0.341996175,1.000656013949327,1501,2497
fixed,0.07227457051405,0.11420250096391996,-0.14706545,0.29120902500000007,1.0003492391688085,3716,3323
