effect,Estimate,Est.Error,l-95% CI,u-95% CI,Rhat,Bulk_ESS,Tail_ESS
fixed,-0.636868401,0.15524928219561843,-0.9363918,-0.3357438499999999,1.0014533628251572,3613,3026
fixed,-0.003541486005697,0.004167699139636968,-0.01142528,0.00459595975,1.0002962153654162,4989,3111
