effect,Estimate,Est.Error,l-95% CI,u-95% CI,Rhat,Bulk_ESS,Tail_ESS
fixed,-0.6442781684,0.16290525622811458,-0.95805135,-0.320390425,1.0001299171425895,4026,2917
fixed,-0.00301071136221025,0.004761896811275806,-0.01238651,0.006534213250000005,1.0004202079352909,4679,2715
