Parameter,Estimate,Est.Error,Q2.5,Q97.5
b_Intercept[1],0.07641393085188543,0.01991604542903041,0.04222738304860901,0.12052423905638178
b_Intercept[2],0.24678980726296995,0.046687239863731786,0.16221664972498245,0.3432658725300778
b_Intercept[3],0.5318453075740784,0.05936112545682867,0.4135503370122997,0.647126880759019
b_Intercept[4],0.86579609128951,0.0311185467209303,0.7996197096608942,0.9190675484459038
b_Intercept[5],0.9599327349249706,0.012146330336182001,0.9325313200102107,0.9799075378283695
b_Intercept[6],0.987586383066924,0.004768463144352049,0.9763527692449876,0.9948146469153468
b_lockdown_period1,0.62137340925,0.10748855638310338,0.412029175,0.832716225
b_total_hours_played_s,0.0133802361240675,0.16964953176133366,-0.31477564999999996,0.341996175
b_lockdown_period1:total_hours_played_s,0.07227457051405,0.11420250096391996,-0.14706545,0.29120902500000007
