Parameter,Estimate,Est.Error,Q2.5,Q97.5
b_Intercept[1],0.07308207594343973,0.019536551466176156,0.040690767683717266,0.11631717253934602
b_Intercept[2],0.23726876064135616,0.04591459456267093,0.15469188418442836,0.3332175842674279
b_Intercept[3],0.5320600586640085,0.06156767490531157,0.4103254740784712,0.6525570407870722
b_Intercept[4],0.8673000293113586,0.031644270733318235,0.7987346734694369,0.9224215023354781
b_Intercept[5],0.9617815384663752,0.01164880804789116,0.9354396042160756,0.9807249387135932
b_Intercept[6],0.9878403071009014,0.004522191826643749,0.9769034935752723,0.9945962044803555
b_lockdown_period1,0.6184140675,0.10876732512897139,0.407927475,0.82956505
b_total_hours_played_s,0.1006623861168925,0.17741167531162874,-0.24600987500000002,0.4523723
b_lockdown_period1:total_hours_played_s,0.064422351187625,0.11487689643852984,-0.15806922499999998,0.285669525
