Parameter,Estimate,Est.Error,Q2.5,Q97.5
b_Intercept[1],0.0691476317173682,0.020929551720211527,0.03261450397660535,0.11421215432031362
b_Intercept[2],0.2337266829973575,0.04852996530857119,0.14367575943052158,0.3327781612941993
b_Intercept[3],0.5236581501523938,0.06125281417750071,0.4044907510972502,0.6431167338655835
b_Intercept[4],0.8697852982812687,0.03188842695943592,0.8000576955567731,0.927493746645388
b_Intercept[5],0.9632751674385863,0.012452073471312008,0.9357741273380717,0.9848273218837609
b_Intercept[6],0.989190507798302,0.004689327521218153,0.9781552539613843,0.9968230503015603
b_lockdown_period1,0.638608764,0.12073290361204926,0.41175955000000003,0.885509475
b_total_hours_played_s,0.0133828151131125,0.17908223542638807,-0.33116327500000003,0.36719284999999974
b_lockdown_period1:total_hours_played_s,0.07914433457333125,0.11752840793022239,-0.153313125,0.30725895
