Parameter,Estimate,Est.Error,Q2.5,Q97.5
b_Intercept[1],0.07126232845200407,0.0193021851951697,0.03892484577534864,0.11346896727350576
b_Intercept[2],0.23366778484561143,0.04524229462193515,0.15321720763532468,0.3290648141726647
b_Intercept[3],0.5262986575188028,0.06103746329255818,0.40887643570289894,0.6464230330171858
b_Intercept[4],0.868719032403497,0.03038213944297183,0.8041331849621272,0.9226072899015992
b_Intercept[5],0.9623597352917336,0.011137239173543057,0.9383015021887643,0.9812711092753638
b_Intercept[6],0.9880849714026891,0.004418188699273639,0.9775745262479779,0.9949284596628661
b_lockdown_period1,0.629561933,0.10869730592668772,0.42255502500000003,0.8445401
b_total_hours_played_s,0.084519373856975,0.1761007700307143,-0.26570812499999996,0.4345686250000002
b_lockdown_period1:total_hours_played_s,0.0654728423662,0.11336361688567972,-0.1614449,0.28772445
