effect,Estimate,Est.Error,l-95% CI,u-95% CI,Rhat,Bulk_ESS,Tail_ESS
fixed,-2.3678970540725,0.8010805493197245,-3.9036687499999996,-0.7869971249999999,1.0008254450966805,3901,2918
fixed,-0.0175094993727525,0.02111869366477466,-0.05966009749999998,0.02257130500000001,1.000224939876832,3947,3009
