effect,Estimate,Est.Error,l-95% CI,u-95% CI,Rhat,Bulk_ESS,Tail_ESS
fixed,-2.485763576075,0.798565915791234,-4.0280565,-0.9019195499999999,1.0020988668124862,4192,3117
fixed,-0.01154683253355,0.022858120096232285,-0.054360777499999985,0.032663450000000004,1.0007996960952479,4011,3132
