effect,Estimate,Est.Error,l-95% CI,u-95% CI,Rhat,Bulk_ESS,Tail_ESS
fixed,-2.78939676825,0.5800920594155718,-3.9467127499999997,-1.6401457499999996,1.001690334689492,4324,3119
fixed,4.2127059445525e-4,0.02971059484034558,-0.057986529999999994,0.059788350000000004,1.0008747657193677,3607,2275
