effect,Estimate,Est.Error,l-95% CI,u-95% CI,Rhat,Bulk_ESS,Tail_ESS
fixed,2.334952503745,0.7886833897717356,0.7543711500000001,3.8747625,1.0015049930656408,4301,2989
fixed,0.0110090384958025,0.02282981233297901,-0.032338445,0.056117067500000006,1.0002427546835175,4096,3013
