effect,Estimate,Est.Error,l-95% CI,u-95% CI,Rhat,Bulk_ESS,Tail_ESS
fixed,-2.8784097995,0.5875566625666523,-4.03305475,-1.716111249999999,1.000278133323165,3820,2527
fixed,0.0011623601368475,0.0266377334024476,-0.052615307499999986,0.055422820000000005,1.000238686344529,3817,2757
