effect,Estimate,Est.Error,l-95% CI,u-95% CI,Rhat,Bulk_ESS,Tail_ESS
fixed,-0.1112926549935,2.1000876372062347,-4.398544249999999,3.935429,1.0015239280598647,3004,2542
fixed,-0.1348285742685,0.10712568957417522,-0.344821475,0.07424542500000003,1.0015158047913977,1953,2079
fixed,2.678403815,0.3499256611104302,2.0063085000000003,3.3893155,1.0025643575067789,2914,2359
fixed,0.013383747917475,0.018065868464582534,-0.021974450000000003,0.0484473575,1.001690044259471,1930,1942
