n,age_mean,age_sd,age_min,age_max,duration_mean,duration_sd,duration_min,duration_max,missing_and_dropped
159,32.64779874213836,8.962042576841082,19,72,1409.8993710691823,3463.6377437875162,322,36782,2
