effect,Estimate,Est.Error,l-95% CI,u-95% CI,Rhat,Bulk_ESS,Tail_ESS
fixed,-0.4441832886645,0.894511683563604,-2.1990944999999997,1.2609470000000012,1.0003789355270782,4039,2422
fixed,0.0460543658734375,0.023958007716545916,-5.436070749999816e-4,0.09311047250000001,1.0014899086060423,3902,2693
