effect,Estimate,Est.Error,l-95% CI,u-95% CI,Rhat,Bulk_ESS,Tail_ESS
fixed,0.6763717798765,0.8899285582451018,-1.0469534999999996,2.4136167500000005,1.0001711228078483,4073,3031
fixed,-0.0526434383090775,0.019162119122996504,-0.09043586499999999,-0.014889687499999986,1.0004937790229615,4040,2859
