effect,Estimate,Est.Error,l-95% CI,u-95% CI,Rhat,Bulk_ESS,Tail_ESS
fixed,0.42020586427,0.8915630997302958,-1.2531799999999997,2.1432212500000007,0.9992757414183951,4079,2834
fixed,-0.045676375469,0.023551262993403904,-0.09173181,-7.365091499999967e-4,1.0001479127791513,4017,2749
