effect,Estimate,Est.Error,l-95% CI,u-95% CI,Rhat,Bulk_ESS,Tail_ESS
fixed,0.948248088020975,0.5085985258321377,-0.02930045749999958,1.9275680000000006,1.0021070049176886,3702,2581
fixed,0.0508682866242,0.023679538938443396,0.003744550750000018,0.09818465250000001,1.0009471714626412,3718,2457
