effect,Estimate,Est.Error,l-95% CI,u-95% CI,Rhat,Bulk_ESS,Tail_ESS
fixed,-0.9479260915385,0.49783003023755107,-1.91553775,0.05394723000000007,1.0038056390187893,3869,2450
fixed,0.0501995371155,0.023658539879624182,0.0028639822500000317,0.09535462250000001,1.0035009461874136,3639,2648
