effect,Estimate,Est.Error,l-95% CI,u-95% CI,Rhat,Bulk_ESS,Tail_ESS
fixed,-1.2327986487835,0.5581960508252662,-2.31422625,-0.15893117499999895,1.000713548619057,4648,2757
fixed,0.05026673805525,0.022383372500401882,0.005592334750000009,0.09336657500000001,1.000880551813555,4069,2808
