effect,Estimate,Est.Error,l-95% CI,u-95% CI,Rhat,Bulk_ESS,Tail_ESS
fixed,2.1586308758125,2.10186848914316,-2.034010249999996,6.318186500000001,1.0011846633466948,2638,2440
fixed,-0.080108098865525,0.11039359516544586,-0.30051795,0.13033755000000002,1.0008279097322512,1776,2147
fixed,0.970446446575,0.2681733683176483,0.4515548750000002,1.50182375,1.001818623663439,2824,2329
fixed,0.006027113189675,0.013051252072839187,-0.0186921175,0.031775552500000005,1.0013696941875243,1815,2223
