effect,Estimate,Est.Error,l-95% CI,u-95% CI,Rhat,Bulk_ESS,Tail_ESS
fixed,1.48379385273125,0.677224423898004,0.19011860000000008,2.804892750000001,1.001636806950704,3540,2518
fixed,0.09866305624275,0.030545837229460453,0.0390754275,0.15923392500000003,1.0022049745095507,3630,2872
