effect,Estimate,Est.Error,l-95% CI,u-95% CI,Rhat,Bulk_ESS,Tail_ESS
fixed,-2.03894253164,0.7214697579707298,-3.4875935,-0.6396962999999998,1.001058210449491,4719,3065
fixed,0.071127188133,0.0293286370159694,0.014133052500000007,0.13001232499999998,1.0027394442785027,4953,3077
