effect,Estimate,Est.Error,l-95% CI,u-95% CI,Rhat,Bulk_ESS,Tail_ESS
fixed,0.27747543939025,1.2658677746324078,-2.2199074999999984,2.759406250000001,1.000960362547926,3891,2626
fixed,0.040839029148875,0.0337606876638692,-0.02358452999999996,0.10581834999999999,0.9999952347261784,3931,2674
