effect,Estimate,Est.Error,l-95% CI,u-95% CI,Rhat,Bulk_ESS,Tail_ESS
fixed,-1.479675263495,0.6629015537395117,-2.79410675,-0.1887510499999998,1.0002482348343031,3901,3012
fixed,0.09890616513575,0.030672942679810473,0.039223055000000014,0.16059177500000002,1.0013462352057474,3554,2660
