effect,Estimate,Est.Error,l-95% CI,u-95% CI,Rhat,Bulk_ESS,Tail_ESS
fixed,0.2907476065075,1.2206810476824725,-2.0771209999999978,2.6681912500000005,1.0006579613344282,3592,2834
fixed,-0.064307025666,0.02643026650198796,-0.116270625,-0.011553615,1.0011028311365984,3559,2852
