effect,Estimate,Est.Error,l-95% CI,u-95% CI,Rhat,Bulk_ESS,Tail_ESS
fixed,1.7198463891575,2.5273630611512763,-3.2747504999999997,6.572340750000001,1.0006272432161405,3089,2578
fixed,0.1048105637217025,0.12511347035448633,-0.13271262499999997,0.3461965000000002,1.002905586642903,2197,2216
fixed,2.101317637,0.32323008125646274,1.484332,2.7382935,1.0002521678219223,4045,2853
fixed,-0.021790723792275,0.015285073648121116,-0.05123394749999998,0.00755868575,1.0030208774944323,2245,2418
