effect,Estimate,Est.Error,l-95% CI,u-95% CI,Rhat,Bulk_ESS,Tail_ESS
fixed,-0.334607557950325,1.2342359480944014,-2.7757227499999995,2.0092755000000015,1.0009591136765439,3925,2746
fixed,-0.03962869814655,0.03290207006423676,-0.10382022499999999,0.026301175,1.000975502930369,3881,2655
