effect,Estimate,Est.Error,l-95% CI,u-95% CI,Rhat,Bulk_ESS,Tail_ESS
fixed,2.324882981154575,2.568242640615895,-2.544055499999998,7.43563125,1.0006832721220527,3340,2334
fixed,0.006000022193575,0.1345640382039458,-0.2496803749999999,0.273582975,1.001426865039011,2062,2492
fixed,1.949016091,0.3235899580786231,1.29203425,2.5670947500000003,1.001340907794588,3446,2263
fixed,-0.01018239374429,0.01585650030792952,-0.0416263925,0.019901925000000008,1.0017265183937534,2126,2337
