effect,Estimate,Est.Error,l-95% CI,u-95% CI,Rhat,Bulk_ESS,Tail_ESS
fixed,-0.1411479281556,0.18866987046974795,-0.49720372499999993,0.23156612500000007,1.0012682375354065,4553,2942
fixed,0.0032667611070525,0.007572559667925684,-0.01183257249999999,0.0184462275,1.0028858229301432,4312,2901
