effect,Estimate,Est.Error,l-95% CI,u-95% CI,Rhat,Bulk_ESS,Tail_ESS
fixed,-0.207857087817275,0.3517385280817538,-0.8987434,0.47382795,1.0040000398698534,3753,2553
fixed,0.0011297026246301,0.009389635231977247,-0.017256897499999996,0.019542812500000003,1.0003805098774776,3682,2210
