effect,Estimate,Est.Error,l-95% CI,u-95% CI,Rhat,Bulk_ESS,Tail_ESS
fixed,0.187447967534645,0.3385204077119288,-0.4930916249999997,0.8474793750000001,1.0008971704724985,3983,2760
fixed,-8.5871215674825e-4,0.008963170849306383,-0.018025344999999995,0.017105402500000005,1.0016638854926496,3872,2601
