effect,Estimate,Est.Error,l-95% CI,u-95% CI,Rhat,Bulk_ESS,Tail_ESS
fixed,-0.16505196004125,0.20585624161587818,-0.5540883499999999,0.23437535000000004,1.0009889908852119,3470,2095
fixed,0.0039597733051625,0.008946019210563375,-0.013255847499999985,0.021900632500000003,1.0000100971640538,3383,2694
