effect,Estimate,Est.Error,l-95% CI,u-95% CI,Rhat,Bulk_ESS,Tail_ESS
fixed,-0.195716464401,0.3015320209354137,-0.7764086749999994,0.3890322,1.0028951909414934,4281,2970
fixed,0.001396471093135,0.006492888037456705,-0.0113892475,0.013913515000000003,1.0002456463578073,4265,2916
