effect,Estimate,Est.Error,l-95% CI,u-95% CI,Rhat,Bulk_ESS,Tail_ESS
fixed,0.170399534895625,0.20254637368754497,-0.24167402499999988,0.5714802750000002,1.0001329940625336,3987,2566
fixed,0.003766839831465,0.008858583199421512,-0.013400187499999997,0.021860547500000004,0.9998612886161558,4367,2618
