effect,Estimate,Est.Error,l-95% CI,u-95% CI,Rhat,Bulk_ESS,Tail_ESS
fixed,0.13147052243325,0.6465017391449269,-1.1814387499999999,1.33602375,1.0004794362709049,3630,2630
fixed,0.06857782794525,0.030823434918990634,0.007337420000000011,0.128742075,1.0017500376361634,3852,2656
