effect,Estimate,Est.Error,l-95% CI,u-95% CI,Rhat,Bulk_ESS,Tail_ESS
fixed,2.0353951957725,1.1421769078188277,-0.22278624999999952,4.2827382499999995,1.0013450065319067,4019,2857
fixed,-0.0728578817376,0.03038512536794786,-0.1319516,-0.013597849999999996,1.001093262105542,4226,2873
