effect,Estimate,Est.Error,l-95% CI,u-95% CI,Rhat,Bulk_ESS,Tail_ESS
fixed,-0.1346637390215,0.6542566520925002,-1.44470075,1.1377357500000005,1.0041769508987926,4381,2473
fixed,0.0694671738219775,0.030355090264029667,0.009614942000000027,0.13045532500000004,1.0051124183834388,4008,2691
