effect,Estimate,Est.Error,l-95% CI,u-95% CI,Rhat,Bulk_ESS,Tail_ESS
fixed,2.4298934560025,1.1467467926435235,0.19315747500000136,4.682610000000001,1.0012448273389118,3725,2937
fixed,-0.083015372405,0.024705903010306354,-0.13229665000000002,-0.03468828749999998,1.0004096298378764,3913,2637
