effect,Estimate,Est.Error,l-95% CI,u-95% CI,Rhat,Bulk_ESS,Tail_ESS
fixed,8.8122988265,2.3614402464690682,4.255030250000001,13.434804999999999,1.000407515007614,3421,2648
fixed,-0.215145355573775,0.12642716754403074,-0.4581755749999999,0.03797493500000007,1.00195177421887,1871,2147
fixed,1.0259025715425,0.3025405034940208,0.4230637000000001,1.6270790000000004,1.0006510119775465,3531,2562
fixed,0.018457972420825,0.015088652491695656,-0.0113699025,0.0472198925,1.0022977937132789,1831,1815
