n,age_mean,age_sd,age_min,age_max,duration_mean,duration_sd,duration_min,duration_max
76,29.960526315789473,8.243689771736415,19,64,1019.9736842105264,921.5627882198689,369,5532
