n,age_mean,age_sd,age_min,age_max,duration_mean,duration_sd,duration_min,duration_max
84,29.654761904761905,8.235237317622815,19,64,1086.5595238095239,1073.0006720395663,369,6646
