n,age_mean,age_sd,age_min,age_max,duration_mean,duration_sd,duration_min,duration_max
220,32.013636363636365,8.962366546495415,19,72,1546.0045454545455,5475.493308605352,286,69186
