n,age_mean,age_sd,age_min,age_max,duration_mean,duration_sd,duration_min,duration_max
224,32.169642857142854,9.722045949816959,19,89,1534.080357142857,5427.2012031380755,286,69186
