n,age_mean,age_sd,age_min,age_max,duration_mins_mean,duration_mins_sd,duration_mins_min,duration_mins_max
220,32.01363636363637,8.962366546495414,19,72,25.766742424242413,91.2582218100892,4.766666666666667,1153.1
