Model,SD,Hypothesis,Estimate,Est.Error,CI.Lower,CI.Upper,Evid.Ratio,Post.Prob,Star
anxiety_lockdown_diff,0.5,(total_hours_played_during) = 0,-3.2405296917125e-4,0.016461164660185414,-0.032943019999999996,0.032083442499999996,32.242080628013476,0.9699176471175126,
depression_lockdown_diff,0.5,(total_hours_played_during) = 0,-0.004842445171833375,0.026912979530896903,-0.05857240999999999,0.047691409999999906,18.977646277706135,0.9499440531632628,
loneliness_lockdown_diff,0.5,(total_hours_played_during) = 0,0.003088800939762875,0.00473591838938728,-0.006098971250000001,0.012469014999999998,80.60011973100347,0.9877451160207054,
stress_lockdown_diff,0.5,(total_hours_played_during) = 0,0.0113420636555315,0.022725261421094937,-0.033527782500000006,0.055869522499999956,19.076252906367838,0.9501899082132594,
