Hypothesis,Estimate,Est.Error,CI.Lower,CI.Upper,Evid.Ratio,Post.Prob,Star
(total_hours_after) = 0,0.009150008543491036,0.01869299724500274,-0.027350830959672546,0.04601952545088002,45.22349717791183,0.9783659813503282,
