Hypothesis,Estimate,Est.Error,CI.Lower,CI.Upper,Evid.Ratio,Post.Prob,Star
(time1) = 0,-0.18321587993445004,0.20716424535795558,-0.5924972286176821,0.23169760543026807,16.85253299963899,0.9439855397539262,
(total_hours) = 0,0.025882266723782212,0.012952762480399178,7.950740757142514e-4,0.05181268832691326,50.794347114591716,0.9806928737264018,*
(time1:total_hours) = 0,0.0027068239800473915,0.0073704843287933485,-0.011735683053100672,0.01758431642336147,611.8750227380618,0.9983683459712024,
