Hypothesis,Estimate,Est.Error,CI.Lower,CI.Upper,Evid.Ratio,Post.Prob,Star
(hours_diff) = 0,0.0026476672394240043,0.02527880517016616,-0.04652905394058163,0.05187748208195345,38.67364130467232,0.9747943479066987,
