Hypothesis,Estimate,Est.Error,CI.Lower,CI.Upper,Evid.Ratio,Post.Prob,Star
(hours_diff) = 0,0.003981120595385208,0.015667476733136274,-0.026517434229002178,0.034660597480639,60.70576740447896,0.9837940594200046,
