Hypothesis,Estimate,Est.Error,CI.Lower,CI.Upper,Evid.Ratio,Post.Prob,Star
(total_hours_played_after) = 0,-0.0174354861568395,0.03370283282573218,-0.08465112250000001,0.049392700000000005,25.980377519873013,0.9629360264042478,
