Hypothesis,Estimate,Est.Error,CI.Lower,CI.Upper,Evid.Ratio,Post.Prob,Star
(total_hours_after) = 0,-0.00985613829431702,0.016096605503689018,-0.04129071756035854,0.02114170627733654,49.873663539198574,0.9803434639766115,
