Hypothesis,Estimate,Est.Error,CI.Lower,CI.Upper,Evid.Ratio,Post.Prob,Star
(hours_diff) = 0,-0.010967893128246697,0.021682908739479357,-0.052153827611383416,0.03266768475150306,39.942844699341066,0.9755757078594958,
