Hypothesis,Estimate,Est.Error,CI.Lower,CI.Upper,Evid.Ratio,Post.Prob,Star
(hours_diff) = 0,0.0233772452206475,0.05038202049591538,-0.07482079,0.11912475000000003,16.982390923701793,0.944390042222809,
