Hypothesis,Estimate,Est.Error,CI.Lower,CI.Upper,Evid.Ratio,Post.Prob,Star
(time1) = 0,-0.7587939950612305,0.21072929703291188,-1.1720198172787353,-0.3471878325972696,0.02051207114539452,0.02009978296716504,*
(total_hours) = 0,0.021554447900287012,0.013226961935561672,-0.004209916062446336,0.04757961731174692,99.91699957289588,0.9900908667099475,
(time1:total_hours) = 0,0.011023883001363274,0.007585526054629297,-0.003924013968884248,0.025907421163873266,233.32821561340234,0.9957324814795252,
