outcome,n,mean,sd,min,max,range,se
total_hours_played_during,76,30.473684210526315,21.975424870650716,0,80,80,2.520754111908864
total_hours_played_before,76,29.855263157894736,21.831905671817974,0,90,90,2.5042913307465
