parameter,spec,bf,error,mean,sd,se,lower_ci,upper_ci,ci_interval,draws
mu,"Alt., r=0.707",0.12990571429519618,7.262601121543442e-8,0.6595970322822512,2.6160412213985644,0.0827264871250828,-4.650474972812216,5.681820784888505,95%,1000
