parameter,spec,bf,error,mean,sd,se,lower_ci,upper_ci,ci_interval,draws
mu,"Alt., r=0.707",0.12990571429519618,7.262601121543442e-8,0.5074898374495143,2.453237571052053,0.07757818366023643,-4.370798648732555,5.075442422385071,95%,1000
