parameter,spec,bf,error,mean,sd,se,lower_ci,upper_ci,ci_interval,draws
mu,"Alt., r=0.707",0.12990571429519618,7.262601121543442e-8,0.6105997881381225,2.4626568837374254,0.07787604848102739,-4.218830083192087,5.46576888231715,95%,1000
