Hypothesis,Estimate,Est.Error,CI.Lower,CI.Upper,Evid.Ratio,Post.Prob,Star
(total_hours_played_after) = 0,0.005250699417875,0.025927862521719056,-0.044985632500000004,0.056261645000000006,36.83703393494202,0.9735708670579352,
