parameter,spec,bf,error,mean,sd,se,lower_ci,upper_ci,ci_interval,draws
mu,"Alt., r=0.707",2566668790469.1797,8.395508412534992e-19,9.84450023395065,1.200341459622786,0.037958129823390405,7.442481243257938,12.24736028779295,95%,1000
