outcome,n,mean,sd,min,max,range,se
total_hours_played_during,220,26.92040909090909,22.127319057905048,0,90,90,1.4918235465519858
total_hours_played_before,220,16.97,15.990248455296136,0,75,75,1.0780623309313724
