parameter,spec,bf,error,mean,sd,se,lower_ci,upper_ci,ci_interval,draws
mu,"Alt., r=0.707",2566668790469.1797,8.395508412534992e-19,9.814707596326057,1.1356962322710766,0.03591386824048225,7.564974870873591,11.96407940170897,95%,1000
