parameter,spec,bf,error,mean,sd,se,lower_ci,upper_ci,ci_interval,draws
mu,"Alt., r=0.707",2566668790469.1797,8.395508412534992e-19,9.875799049740639,1.1695872170102737,0.036985595279700946,7.605319596765629,12.255287395789688,95%,1000
