effect,Estimate,Est.Error,l-95% CI,u-95% CI,Rhat,Bulk_ESS,Tail_ESS
fixed,0.5125716983265,3.3002852729419776,-6.120475249999998,7.082817750000002,1.0021332277702917,2646,2371
fixed,-0.005225166041825,0.29286521752062367,-0.579028025,0.5748216000000002,1.0015265181895363,1790,2163
fixed,1.3018924651275,0.4323684232982349,0.4597140500000002,2.1540455,1.0012220471187896,2724,2526
fixed,0.0045110784063750005,0.03592734902373231,-0.06643399499999995,0.07484594250000003,1.00151086169688,1784,2165
