effect,Estimate,Est.Error,l-95% CI,u-95% CI,Rhat,Bulk_ESS,Tail_ESS
fixed,-1.32232069306525,0.9925125850571198,-3.21379225,0.6660060250000004,1.0018438772479474,4031,2557
fixed,0.024044900235875,0.024375663435109694,-0.024697777499999962,0.07154500250000001,1.000116037659609,4024,2793
