effect,Estimate,Est.Error,l-95% CI,u-95% CI,Rhat,Bulk_ESS,Tail_ESS
fixed,-1.34107766115,1.0176940357525739,-3.3570229999999994,0.5699982750000006,0.9997332333659397,3950,2557
fixed,0.024320476139225,0.02449833600007836,-0.0233101925,0.07159647000000002,1.0016576230700518,4016,2694
