effect,Estimate,Est.Error,l-95% CI,u-95% CI,Rhat,Bulk_ESS,Tail_ESS
fixed,1.303540092465,0.9816899769845826,-0.5886195749999995,3.2580055000000008,1.0008194921401248,3867,2429
fixed,-0.023771447335995,0.02461113609443006,-0.07211087249999999,0.024631260000000016,1.0015237250384599,4003,2600
