effect,Estimate,Est.Error,l-95% CI,u-95% CI,Rhat,Bulk_ESS,Tail_ESS
fixed,-0.65272737381195,0.5942263544033851,-1.8035619999999999,0.5196759000000001,1.0003431050195328,3632,3179
fixed,-0.0195896300905625,0.03277965338783181,-0.082139445,0.04651401500000001,1.0014591112169633,3845,2872
