effect,Estimate,Est.Error,l-95% CI,u-95% CI,Rhat,Bulk_ESS,Tail_ESS
fixed,-0.64101377717725,0.6057952714714882,-1.81745825,0.5509831000000004,1.0000974202884971,3628,2611
fixed,-0.0198256139616275,0.03348447169296986,-0.08418382249999995,0.045536555000000006,1.0044524925095175,3817,2590
