effect,Estimate,Est.Error,l-95% CI,u-95% CI,Rhat,Bulk_ESS,Tail_ESS
fixed,2.201015740275,3.373063269584744,-4.252572499999998,8.760713750000004,1.0016343116827584,2700,2437
fixed,-0.148689010887125,0.3015713913270119,-0.7372869749999998,0.45408237500000004,1.0037471522114478,1813,1908
fixed,2.04564101475,0.4466631770395079,1.1927542500000006,2.94134225,1.00115730566813,2717,2232
fixed,0.0284120704893525,0.0370404543337834,-0.046300184999999994,0.09971473250000001,1.003335477743222,1808,2129
