effect,Estimate,Est.Error,l-95% CI,u-95% CI,Rhat,Bulk_ESS,Tail_ESS
fixed,-0.615225161004275,1.035571756069702,-2.6686759999999996,1.3988465,1.001153495794531,3346,2933
fixed,0.0225798343496,0.054284998214162425,-0.083904475,0.12911765000000003,1.0003684402269213,3738,2940
