effect,Estimate,Est.Error,l-95% CI,u-95% CI,Rhat,Bulk_ESS,Tail_ESS
fixed,-0.6030896941475,1.0092398432048375,-2.5373854999999996,1.3627980000000008,1.0021925869810038,4052,2763
fixed,0.023908443148325,0.0539512197863727,-0.08224978749999998,0.13235567500000012,1.0016181680485672,4300,2792
