effect,Estimate,Est.Error,l-95% CI,u-95% CI,Rhat,Bulk_ESS,Tail_ESS
fixed,1.34310533542545,1.6145589172765042,-1.9365445,4.5091877500000015,0.999506813146841,3603,2771
fixed,-0.06352908850165,0.039707812647746504,-0.14167124999999997,0.017328865000000002,0.9999854697483727,3529,2710
