effect,Estimate,Est.Error,l-95% CI,u-95% CI,Rhat,Bulk_ESS,Tail_ESS
fixed,1.3287072490155,1.586092858072851,-1.7347579999999976,4.399847500000001,1.0022980636711118,3591,2465
fixed,-0.06304185720615,0.03943646784447599,-0.13888079999999997,0.014578695000000027,0.9995789857942875,3846,2472
