effect,Estimate,Est.Error,l-95% CI,u-95% CI,Rhat,Bulk_ESS,Tail_ESS
fixed,-0.04545991285325,0.34264338981100123,-0.7038254749999999,0.6327379250000001,1.001706622674603,3601,2876
fixed,-0.0056813477570125,0.008573231221520504,-0.022909129999999996,0.0107327475,1.0003580861549481,3600,2712
