effect,Estimate,Est.Error,l-95% CI,u-95% CI,Rhat,Bulk_ESS,Tail_ESS
fixed,-0.11182257174165,0.21083356524221283,-0.5248908999999999,0.3003603500000001,1.0011134308474585,4006,2894
fixed,0.0223387594255,0.011228418549765348,5.79431925000002e-4,0.043981242500000003,1.0017201853529072,3899,2935
