effect,Estimate,Est.Error,l-95% CI,u-95% CI,Rhat,Bulk_ESS,Tail_ESS
fixed,0.05011466720125,0.3486889587924403,-0.616336025,0.71025695,1.0005936668496438,3570,2782
fixed,0.00539831761146,0.008796877635436523,-0.01165429999999999,0.022816020000000003,1.0007223471021538,3575,2597
