effect,Estimate,Est.Error,l-95% CI,u-95% CI,Rhat,Bulk_ESS,Tail_ESS
fixed,-0.11506404427439999,0.2056413890565527,-0.5240301749999999,0.2853549,1.00086087935171,4101,2609
fixed,0.02215685110508,0.011036728106099618,9.240581000000049e-4,0.04440954250000001,1.002831040751767,4022,2611
