effect,Estimate,Est.Error,l-95% CI,u-95% CI,Rhat,Bulk_ESS,Tail_ESS
fixed,-0.055453754403450004,0.3486596360854465,-0.7517929499999997,0.6157389750000005,1.0011803379305917,3934,2381
fixed,-0.0053962311064025,0.008831667347824583,-0.022089124999999998,0.012006330000000004,1.0018945210437926,4072,2687
