effect,Estimate,Est.Error,l-95% CI,u-95% CI,Rhat,Bulk_ESS,Tail_ESS
fixed,0.11473588298561975,0.21329182205585004,-0.3126408749999997,0.529138325,0.9999272559198921,3536,2645
fixed,0.022068884808525,0.011662169253541065,-1.8062437499999798e-4,0.04507097250000001,1.000236607157023,3773,2797
