effect,Estimate,Est.Error,l-95% CI,u-95% CI,Rhat,Bulk_ESS,Tail_ESS
fixed,-0.0330104905295,0.7650420488436666,-1.5797852499999998,1.4655557500000005,1.0007695689703724,3919,3258
fixed,0.0191161334335175,0.04248622630927855,-0.06452693999999998,0.10100072500000004,0.9999002807692777,4307,2477
