effect,Estimate,Est.Error,l-95% CI,u-95% CI,Rhat,Bulk_ESS,Tail_ESS
fixed,1.32916662411925,1.2379839301182225,-1.117764249999998,3.75016675,1.000729982074581,3564,2954
fixed,-0.045261411090775,0.030381180994821188,-0.10494359999999998,0.013818215000000028,1.0022035863713663,3034,2710
