effect,Estimate,Est.Error,l-95% CI,u-95% CI,Rhat,Bulk_ESS,Tail_ESS
fixed,1.344875759428,1.256503384223559,-1.0655255,3.801029250000001,0.9998239704545642,3677,2621
fixed,-0.0451054139858,0.030006165835401312,-0.10541997499999999,0.013104715000000013,0.999832754949937,3710,2690
