effect,Estimate,Est.Error,l-95% CI,u-95% CI,Rhat,Bulk_ESS,Tail_ESS
fixed,0.03236293895435,0.7509664851124792,-1.4389049999999999,1.49627825,1.0006158355043615,4037,2670
fixed,0.020525331246275,0.04034232103446505,-0.06030980249999997,0.09978859999999999,1.0011275311983745,3866,2393
