effect,Estimate,Est.Error,l-95% CI,u-95% CI,Rhat,Bulk_ESS,Tail_ESS
fixed,6.2711986144725,3.4748791234437784,-0.5886807999999993,12.981635,1.0005799640300592,2907,2296
fixed,-0.090554915920725,0.3111463301553731,-0.7023282,0.51775245,1.0002410329799674,1985,2201
fixed,1.600438490725,0.45649529399264005,0.71422445,2.496069,1.0008359259646447,2931,2601
fixed,0.0140055416743,0.038276890372035424,-0.05957109999999999,0.08829751000000001,1.0002156728330898,1960,1985
