effect,Estimate,Est.Error,l-95% CI,u-95% CI,Rhat,Bulk_ESS,Tail_ESS
fixed,-0.03262588897675,0.7715839791955342,-1.5410692499999992,1.4861920000000004,1.0021011781859768,3928,2456
fixed,0.02084035620986625,0.04102451614964855,-0.05838311249999998,0.1002722,1.0006745002145887,3926,3030
