outcome,n,mean,sd,min,max,range,se
total_hours_played_during,55,32.69090909090909,24.06847694582236,0,87,87,3.2453927693146296
total_hours_played_before,55,27.236363636363638,22.420198925641134,0,87,87,3.0231390064131562
