parameter,spec,bf,error,mean,sd,se,lower_ci,upper_ci,ci_interval,draws
mu,"Alt., r=0.707",1.5173290583135821,5.004874501495331e-10,5.022623624754887,2.3758006495224655,0.07512941318998417,0.4442518549008297,9.466337325808396,95%,1000
