parameter,spec,bf,error,mean,sd,se,lower_ci,upper_ci,ci_interval,draws
mu,"Alt., r=0.707",1.5173290583135821,5.004874501495331e-10,5.249317742000286,2.4553902128863556,0.07764625617206604,0.33051612755222637,10.130699824961857,95%,1000
