parameter,spec,bf,error,mean,sd,se,lower_ci,upper_ci,ci_interval,draws
mu,"Alt., r=0.707",1.5173290583135821,5.004874501495331e-10,5.1739128686147415,2.374515545912284,0.0750887746456094,0.6029219781372979,9.630167322206702,95%,1000
