Model,SD,Hypothesis,Estimate,Est.Error,CI.Lower,CI.Upper,Evid.Ratio,Post.Prob,Star
anxiety_lockdown_diff,0.5,(total_hours_played_during) = 0,0.04563617705838888,0.023440591602254073,1.61345125000001e-4,0.0919306925,3.406758538549651,0.7730758353896288,*
depression_lockdown_diff,0.5,(total_hours_played_during) = 0,0.039634146484875,0.032802829808442756,-0.026236079999999995,0.10393732499999997,7.223834114624961,0.8784022165255454,
loneliness_lockdown_diff,0.5,(total_hours_played_during) = 0,-8.407467967165e-4,0.009137829460743967,-0.0189037,0.017457282499999994,58.50680788353667,0.9831952000860616,
stress_lockdown_diff,0.5,(total_hours_played_during) = 0,0.073643830720225,0.028938749449769458,0.0171905925,0.130796425,0.5844991870389022,0.36888576013169755,*
