n,age_mean,age_sd,age_min,age_max,duration_mean,duration_sd,duration_min,duration_max
55,30.490909090909092,7.651852177796023,19,51,6994.036363636364,44250.88460047527,288,329063
